Question,Type,Model,Score,Answer
Who is the CEO of the parent company of Instagram?,Multi-Hop,BM25,0,"The provided context does not contain information about the parent company of Instagram or its CEO. Therefore, I cannot answer that question based on the given context."
Who is the CEO of the parent company of Instagram?,Multi-Hop,Naive Vector,0,"The context does not provide information about the CEO of the parent company of Instagram, which is Facebook. Therefore, I cannot answer that question based on the provided context."
Who is the CEO of the parent company of Instagram?,Multi-Hop,HyDE,10,"The CEO of Meta Platforms, Inc., the parent company of Instagram, is Mark Zuckerberg."
Who is the CEO of the parent company of Instagram?,Multi-Hop,Graph Only,0,"The context provided does not contain any information regarding the CEO of the parent company of Instagram. Therefore, I cannot answer that question based on the given context."
Who is the CEO of the parent company of Instagram?,Multi-Hop,Agentic Hybrid,10,"The retrieved data does not provide information about the CEO of the parent company of Instagram, which is Meta Platforms, Inc. However, as of my last knowledge update, Mark Zuckerberg is the CEO of Meta. If you require the most current information or specific insights regarding leadership changes, I recommend checking the latest corporate announcements or reliable business news sources. This is crucial for assessing market risk and potential impacts on ROI."
List all companies that have been acquired by Tesla.,List,BM25,0,"The provided context does not mention any companies that have been acquired by Tesla. Therefore, I cannot provide a list based on the given information."
List all companies that have been acquired by Tesla.,List,Naive Vector,0,"The only company mentioned that has been acquired by Tesla is SolarCity, which was purchased in November 2016."
List all companies that have been acquired by Tesla.,List,HyDE,5,"Tesla has acquired the following companies:

1. Maxwell Technologies
2. Hibar Systems
3. SolarCity"
List all companies that have been acquired by Tesla.,List,Graph Only,6,"The companies that have been acquired by Tesla are Solarcity, Grohmann Engineering, Maxwell Technologies, and Hibar Systems."
List all companies that have been acquired by Tesla.,List,Agentic Hybrid,6,"As of now, Tesla has acquired the following companies:

1. **SolarCity** - A solar energy services company, enhancing Tesla's renewable energy portfolio.
2. **Grohmann Engineering** - Specializes in automated manufacturing systems, contributing to Tesla’s production efficiency.
3. **Maxwell Technologies** - Focuses on energy storage and ultracapacitors, which are crucial for Tesla's battery technology.
4. **Hibar Systems** - Engaged in precision battery manufacturing, further advancing Tesla's capabilities in battery technology.

These acquisitions collectively align with Tesla's strategic focus on innovation in energy and manufacturing, ultimately driving market value and enhancing ROI."
Summarize the history of Microsoft.,Summary,BM25,0,"The provided context does not contain specific information about the history of Microsoft. It only mentions Microsoft as part of the coalition of organizations, including Intel, Facebook, and Google, that are involved with the Alliance for Affordable Internet (A4AI). For a summary of Microsoft's history, additional information would be needed."
Summarize the history of Microsoft.,Summary,Naive Vector,8,"Microsoft was founded in 1975 by Bill Gates and Paul Allen to market BASIC interpreters for the Altair 8800. It gained prominence in the mid-1980s with the release of MS-DOS, followed by Windows, which helped it dominate the personal computer operating system market. Over 41 years, Microsoft released 9 versions of MS-DOS and 13 versions of Windows. The company's 1986 IPO created significant wealth among its employees, including three billionaires.

In 2000, Steve Ballmer succeeded Gates as CEO, overseeing major acquisitions like Skype in 2011 and the launch of the Surface PC line in 2012. Under Ballmer, Microsoft also entered the video game market with the Xbox in 2001 and the Xbox 360 in 2005. The company faced antitrust legal action from the European Union in 2004 due to its dominance with Windows.

In 2014, Satya Nadella became CEO, and since then, Microsoft has diversified into areas such as cloud computing, artificial intelligence, and video gaming, solidifying its status as a leading technology conglomerate and one of the most valuable companies globally."
Summarize the history of Microsoft.,Summary,HyDE,8,"Microsoft was founded in 1975 by Bill Gates and Paul Allen to market BASIC interpreters for the Altair 8800. It gained prominence in the mid-1980s with the release of MS-DOS, followed by Windows, which helped it dominate the personal computer operating system market. Over 41 years, Microsoft released 9 versions of MS-DOS and 13 versions of Windows. The company's 1986 IPO created significant wealth among its employees, including three billionaires and around 12,000 millionaires.

In the 1990s, Microsoft began diversifying beyond operating systems, with Steve Ballmer becoming CEO in 2000. Under his leadership, the company made significant acquisitions, including Skype in 2011, and launched its first in-house PC line, the Surface, in 2012. Satya Nadella took over as CEO in 2014, continuing the company's expansion into areas like cloud computing, artificial intelligence, and video gaming.

Today, Microsoft is a leading technology conglomerate headquartered in Redmond, Washington, known for its software products like Windows and Microsoft Office, as well as hardware like the Surface PCs and Xbox consoles. It is recognized as a major player in various fields, including Internet services and enterprise solutions, and is one of the most valuable companies and brands globally."
Summarize the history of Microsoft.,Summary,Graph Only,7,"Microsoft was founded by Bill Gates and Paul Allen and went public in 1986. The company is known for developing key products such as MS-DOS, Windows, and various Xbox versions. It has expanded through acquisitions, including GitHub, LinkedIn, and Activision Blizzard, and has released hardware like the Surface and Xbox consoles. Throughout its history, Microsoft has faced criticism and legal challenges, including lawsuits from the U.S. Government. Under the leadership of CEO Satya Nadella, the company continues to innovate, focusing on services like Microsoft Azure and Microsoft Teams."
Summarize the history of Microsoft.,Summary,Agentic Hybrid,9,"**Executive Summary: History of Microsoft Corporation**

Founded in 1975 by Bill Gates and Paul Allen, Microsoft initially focused on marketing BASIC interpreters for the Altair 8800. The company transitioned to dominate the personal computer operating system market with the launch of MS-DOS in the mid-1980s, followed by the introduction of Windows.

Key milestones include:
- **IPO and Wealth Creation (1986)**: Microsoft's IPO significantly increased its market capitalization, creating three billionaires and around 12,000 millionaires among employees.
- **Leadership Changes**: Bill Gates handed over the CEO role to Steve Ballmer in 2000. Under Ballmer, Microsoft made significant acquisitions, including Skype in 2011, and ventured into hardware with the Surface PC in 2012.
- **Diversification**: Since the 1990s, Microsoft has expanded beyond operating systems into sectors like cloud computing, AI, and video gaming, launching the Xbox in 2001.
- **Regulatory Challenges**: The company faced antitrust scrutiny from the European Union in 2004, resulting in a €497 million fine and mandates for product adjustments.
- **Current Leadership**: Satya Nadella took over as CEO in 2014, steering the company towards a cloud-first strategy, enhancing its position as a leader in the tech ecosystem.

Microsoft has evolved into the largest software company by revenue and remains a critical player in various technology sectors, reflecting its commitment to innovation and market adaptability."
What is the specific relationship between Elon Musk and SolarCity?,Relation,BM25,0,"The provided context does not contain any information regarding the specific relationship between Elon Musk and SolarCity. Therefore, I cannot provide an answer based on the given context."
What is the specific relationship between Elon Musk and SolarCity?,Relation,Naive Vector,8,"Elon Musk was the chairman of SolarCity before Tesla acquired the company in 2016. The acquisition was controversial, with allegations that Musk knew SolarCity was facing financial difficulties prior to the deal and that he and the Tesla board overpaid for the company. Musk is the only defendant in a consolidated shareholders lawsuit related to the acquisition, which claims he breached fiduciary duties and failed to disclose important information about SolarCity's financial status."
What is the specific relationship between Elon Musk and SolarCity?,Relation,HyDE,9,"Elon Musk was the chairman of SolarCity before Tesla acquired the company in 2016. He was also a significant shareholder in SolarCity and played a key role in the acquisition, which has been the subject of controversy and legal scrutiny regarding potential conflicts of interest and undisclosed financial issues at the time of the deal."
What is the specific relationship between Elon Musk and SolarCity?,Relation,Graph Only,0,I could not find an answer in the Knowledge Graph.
What is the specific relationship between Elon Musk and SolarCity?,Relation,Agentic Hybrid,8,"Elon Musk's relationship with SolarCity is central to Tesla's strategic expansion into the solar energy market. In 2016, Tesla acquired SolarCity for $2.6 billion, a move that integrated SolarCity's solar energy solutions with Tesla's battery storage products to form Tesla Energy. However, this acquisition was controversial due to SolarCity's financial struggles at the time, which were not fully disclosed to Tesla shareholders.

Musk, as the CEO of Tesla, faced allegations of conflict of interest, with claims that he was aware of SolarCity's precarious financial situation prior to the acquisition. A shareholders' lawsuit accused him and the Tesla board of overpaying for SolarCity and failing to meet fiduciary duties. Despite these legal challenges, Musk was ultimately cleared of wrongdoing by the Delaware courts in 2022 and 2023.

In summary, Musk's leadership and the acquisition of SolarCity position Tesla as a significant player in the energy sector, but the deal's controversies underscore important considerations regarding market risk and due diligence that could impact long-term ROI."
